"scope","group_or_source_runtime","feature","title","scenario_declarations","compiled_cases","category","fully_generalized","generalized_ids","profile_specific_ids","runtime_specific_ids","incomplete_ids","runtime_constraints","review_or_reconciliation"
"canonical","docx","workflows/docx/anchor-discovery.feature","Word anchor discovery and anchored insertion","5","5","profile-specific","false","0","5","0","0","","See scenario-reuse.csv for all reasons"
"canonical","docx","workflows/docx/comment-content-type.feature","DOCX comment content type obligations","1","1","incomplete","false","0","0","0","1","","See scenario-reuse.csv for all reasons"
"canonical","docx","workflows/docx/comments.feature","Word comment inspection, resolution and thread policies","21","46","mixed","false","12","9","0","0","","See scenario-reuse.csv for all reasons"
"canonical","docx","workflows/docx/completion-audit.feature","Read a Word document's completion audit without modifying it","3","4","profile-specific","false","0","3","0","0","","See scenario-reuse.csv for all reasons"
"canonical","docx","workflows/docx/creation.feature","Word document creation","5","9","mixed","false","2","3","0","0","","See scenario-reuse.csv for all reasons"
"canonical","docx","workflows/docx/effective-formatting.feature","Inspect effective bold and italic for plain body paragraph runs","2","25","incomplete","false","0","0","0","2","","See scenario-reuse.csv for all reasons"
"canonical","docx","workflows/docx/font-size.feature","Write a direct Word run font size in half-points","1","1","generalized","true","1","0","0","0","","See scenario-reuse.csv for all reasons"
"canonical","docx","workflows/docx/mutation-safety.feature","Word batch preview, target counts and atomic refusal","3","7","generalized","true","3","0","0","0","","See scenario-reuse.csv for all reasons"
"canonical","docx","workflows/docx/page-layout.feature","Word section and page properties","3","23","mixed","false","0","1","0","2","","See scenario-reuse.csv for all reasons"
"canonical","docx","workflows/docx/paragraph-style.feature","Word paragraph style selection","3","24","mixed","false","0","1","0","2","","See scenario-reuse.csv for all reasons"
"canonical","docx","workflows/docx/paragraphs.feature","Word paragraph text, properties and body order","14","24","mixed","false","8","6","0","0","","See scenario-reuse.csv for all reasons"
"canonical","docx","workflows/docx/properties.feature","Word document core properties","1","1","profile-specific","false","0","1","0","0","","See scenario-reuse.csv for all reasons"
"canonical","docx","workflows/docx/review-integration.feature","DOCX review integration obligations","2","2","incomplete","false","0","0","0","2","","See scenario-reuse.csv for all reasons"
"canonical","docx","workflows/docx/revisions.feature","Word revision inspection, resolution and tracked replacement","23","88","mixed","false","17","0","0","6","","See scenario-reuse.csv for all reasons"
"canonical","docx","workflows/docx/run-formatting.feature","Word direct run formatting","22","55","mixed","false","12","8","0","2","","See scenario-reuse.csv for all reasons"
"canonical","docx","workflows/docx/stories.feature","Word story traversal and review views","3","3","incomplete","false","0","0","0","3","","See scenario-reuse.csv for all reasons"
"canonical","docx","workflows/docx/style-authoring.feature","Author bounded paragraph styles without computing inheritance","2","24","incomplete","false","0","0","0","2","","See scenario-reuse.csv for all reasons"
"canonical","docx","workflows/docx/table-merging.feature","Physical horizontal Word table merges with retained content","14","52","generalized","true","14","0","0","0","","See scenario-reuse.csv for all reasons"
"canonical","docx","workflows/docx/tables.feature","Word tables and cell properties","34","44","mixed","false","23","9","0","2","","See scenario-reuse.csv for all reasons"
"canonical","docx","workflows/docx/template-analysis.feature","Word template analysis","14","28","mixed","false","8","1","0","5","","See scenario-reuse.csv for all reasons"
"canonical","docx","workflows/docx/template-cache.feature","Word template metadata cache","7","7","profile-specific","false","0","7","0","0","","See scenario-reuse.csv for all reasons"
"canonical","docx","workflows/docx/text.feature","DOCX slice paragraph text search and run-safe replacement","5","7","mixed","false","2","1","0","2","","See scenario-reuse.csv for all reasons"
"canonical","docx","workflows/docx/tracked-workflow.feature","Word tracked editing and author settings","3","18","mixed","false","0","1","0","2","","See scenario-reuse.csv for all reasons"
"canonical","docx","workflows/docx/tracking-settings.feature","Word tracking preference persistence and preservation","7","24","generalized","true","7","0","0","0","","See scenario-reuse.csv for all reasons"
"canonical","pptx","workflows/pptx/bullets.feature","PPTX bullets","5","5","generalized","true","5","0","0","0","","See scenario-reuse.csv for all reasons"
"canonical","pptx","workflows/pptx/creation.feature","PPTX native title-slide authoring","5","5","mixed","false","2","3","0","0","","See scenario-reuse.csv for all reasons"
"canonical","pptx","workflows/pptx/layout-recommendation.feature","Inspect presentation slide layouts for content placement","2","6","profile-specific","false","0","2","0","0","","See scenario-reuse.csv for all reasons"
"canonical","pptx","workflows/pptx/mutation-safety.feature","Presentation batch preview and committed results","3","6","generalized","true","3","0","0","0","","See scenario-reuse.csv for all reasons"
"canonical","pptx","workflows/pptx/notes.feature","Presentation notes inspection and editing","12","13","mixed","false","2","10","0","0","","See scenario-reuse.csv for all reasons"
"canonical","pptx","workflows/pptx/paragraph-formatting.feature","Retained PPTX paragraph formatting editing","4","4","generalized","true","4","0","0","0","","See scenario-reuse.csv for all reasons"
"canonical","pptx","workflows/pptx/preservation.feature","Presentation archive preservation","1","1","generalized","true","1","0","0","0","","See scenario-reuse.csv for all reasons"
"canonical","pptx","workflows/pptx/shape-geometry.feature","Retained PPTX shape geometry editing","4","4","generalized","true","4","0","0","0","","See scenario-reuse.csv for all reasons"
"canonical","pptx","workflows/pptx/shape-style.feature","Retained PowerPoint shape style editing","8","8","generalized","true","8","0","0","0","","See scenario-reuse.csv for all reasons"
"canonical","pptx","workflows/pptx/slide-import.feature","PPTX slide import obligations","1","1","incomplete","false","0","0","0","1","","See scenario-reuse.csv for all reasons"
"canonical","pptx","workflows/pptx/slide-order.feature","Reorder existing slides by an exact permutation","4","23","mixed","false","2","0","0","2","","See scenario-reuse.csv for all reasons"
"canonical","pptx","workflows/pptx/slide-visibility.feature","PowerPoint slide visibility by slide identity","6","6","mixed","false","5","0","0","1","","See scenario-reuse.csv for all reasons"
"canonical","pptx","workflows/pptx/tables.feature","PPTX native rectangular tables","26","27","mixed","false","22","4","0","0","","See scenario-reuse.csv for all reasons"
"canonical","pptx","workflows/pptx/text-autofit.feature","PPTX text autofit","3","3","generalized","true","3","0","0","0","","See scenario-reuse.csv for all reasons"
"canonical","pptx","workflows/pptx/text-box.feature","Positioned text-box authoring on existing slides","2","23","incomplete","false","0","0","0","2","","See scenario-reuse.csv for all reasons"
"canonical","pptx","workflows/pptx/text-formatting.feature","Retained PPTX text formatting editing","12","12","generalized","true","12","0","0","0","","See scenario-reuse.csv for all reasons"
"canonical","pptx","workflows/pptx/text-frame-properties.feature","Retained PowerPoint text frame properties editing","8","8","generalized","true","8","0","0","0","","See scenario-reuse.csv for all reasons"
"canonical","pptx","workflows/pptx/text.feature","Presentation anchored text editing","7","7","mixed","false","4","3","0","0","","See scenario-reuse.csv for all reasons"
"canonical","xlsx","workflows/xlsx/cache-completeness.feature","XLSX cache completeness obligations","1","1","incomplete","false","0","0","0","1","","See scenario-reuse.csv for all reasons"
"canonical","xlsx","workflows/xlsx/calculation-chain-lifecycle.feature","Owned XLSX calculation-chain removal during dependent-cache invalidation","1","1","generalized","true","1","0","0","0","","See scenario-reuse.csv for all reasons"
"canonical","xlsx","workflows/xlsx/calculation-engine.feature","XLSX calculation engine obligations","1","1","incomplete","false","0","0","0","1","","See scenario-reuse.csv for all reasons"
"canonical","xlsx","workflows/xlsx/cell-style.feature","Spreadsheet cell style selection and dependency closure","3","28","mixed","false","1","0","0","2","","See scenario-reuse.csv for all reasons"
"canonical","xlsx","workflows/xlsx/cells.feature","Spreadsheet cell reading and editing","7","7","mixed","false","1","6","0","0","","See scenario-reuse.csv for all reasons"
"canonical","xlsx","workflows/xlsx/comment-vml-custody.feature","XLSX comment and VML relationship custody by operation and editor profile","6","6","mixed","false","1","5","0","0","","See scenario-reuse.csv for all reasons"
"canonical","xlsx","workflows/xlsx/creation.feature","Native XLSX workbook creation and missing-cell authoring","7","7","mixed","false","5","0","0","2","","See scenario-reuse.csv for all reasons"
"canonical","xlsx","workflows/xlsx/formula-cache.feature","Spreadsheet formula cache invalidation and boundaries","4","5","mixed","false","1","3","0","0","","See scenario-reuse.csv for all reasons"
"canonical","xlsx","workflows/xlsx/formula-references.feature","Static formula references and insertion remaps","9","45","profile-specific","false","0","9","0","0","","See scenario-reuse.csv for all reasons"
"canonical","xlsx","workflows/xlsx/mutation-safety.feature","Spreadsheet batch preview and atomic refusal","2","6","generalized","true","2","0","0","0","","See scenario-reuse.csv for all reasons"
"canonical","xlsx","workflows/xlsx/structural-edits.feature","XLSX structural edits obligations","1","1","incomplete","false","0","0","0","1","","See scenario-reuse.csv for all reasons"
"canonical","xlsx","workflows/xlsx/style-readback.feature","XLSX style readback obligations","1","1","incomplete","false","0","0","0","1","","See scenario-reuse.csv for all reasons"
"canonical","package","workflows/package/admission-limit-configuration.feature","Package admission validates caller resource budgets","1","2","generalized","true","1","0","0","0","","See scenario-reuse.csv for all reasons"
"canonical","package","workflows/package/data-descriptor-integrity.feature","ZIP data-descriptor integrity with ambiguous signature bytes","1","1","generalized","true","1","0","0","0","","See scenario-reuse.csv for all reasons"
"canonical","package","workflows/package/graph.feature","Package relationship graph editing and payload differences","4","4","generalized","true","4","0","0","0","","See scenario-reuse.csv for all reasons"
"canonical","package","workflows/package/preservation.feature","OPC package custody, transactions and save destinations","10","14","generalized","true","10","0","0","0","","See scenario-reuse.csv for all reasons"
"canonical","package","workflows/package/relationship-namespaces.feature","Office relationship attributes use expanded XML names","2","4","generalized","true","2","0","0","0","","See scenario-reuse.csv for all reasons"
"canonical","package","workflows/package/semantic-diff.feature","Package diff separates equivalent XML from changed binary members","1","1","profile-specific","false","0","1","0","0","","See scenario-reuse.csv for all reasons"
"canonical","package","workflows/package/xml-member-admission.feature","Package admission refuses DTD-bearing or malformed XML members","1","3","generalized","true","1","0","0","0","","See scenario-reuse.csv for all reasons"
"canonical","package","workflows/package/zip-admission.feature","Bounded ZIP admission rejects unsafe members and unsupported storage","4","11","mixed","false","3","1","0","0","","See scenario-reuse.csv for all reasons"
"canonical","package","workflows/package/zip32.feature","ZIP32 reading, writing and bounded admission","8","24","mixed","false","7","1","0","0","","See scenario-reuse.csv for all reasons"
"canonical","package","workflows/package/zip64.feature","ZIP64 admission and writing","4","4","mixed","false","0","3","0","1","","See scenario-reuse.csv for all reasons"
"canonical","xml","workflows/xml/comparison.feature","Conservative XML comparison for package preservation","5","10","generalized","true","5","0","0","0","","See scenario-reuse.csv for all reasons"
"canonical","xml","workflows/xml/editing.feature","XML lexical editing and byte custody","11","16","mixed","false","1","10","0","0","","See scenario-reuse.csv for all reasons"
"canonical","xml","workflows/xml/names.feature","XML namespace names require valid prefix and local components","3","6","generalized","true","3","0","0","0","","See scenario-reuse.csv for all reasons"
"canonical","xml","workflows/xml/parsing.feature","XML parsing and value inspection","14","15","mixed","false","13","1","0","0","","See scenario-reuse.csv for all reasons"
"canonical","office","workflows/office/full-coverage.feature","OFFICE full coverage obligations","1","3","incomplete","false","0","0","0","1","","See scenario-reuse.csv for all reasons"
"staged","go","staging/go/behaviors/archive-candidates.feature","Bounded ZIP intake and retained archive delivery","9","9","staged-unreviewed","false","","","","","unreviewed","stronger-canonical-profile-planned"
"staged","go","staging/go/behaviors/delivery-candidates.feature","Retained payload custody and failure-safe delivery","7","7","staged-unreviewed","false","","","","","unreviewed","pending-functional-review"
"staged","go","staging/go/behaviors/formula-candidates.feature","Static formula references and insertion remapping","8","8","staged-unreviewed","false","","","","","unreviewed","pending-functional-review"
"staged","go","staging/go/behaviors/graph-candidates.feature","Planned OPC graph mutation and lifecycle custody","10","10","staged-unreviewed","false","","","","","unreviewed","pending-functional-review"
"staged","go","staging/go/behaviors/ooxml-model-candidates.feature","Native OOXML model serialization assertions","14","14","staged-unreviewed","false","","","","","unreviewed","pending-functional-review"
"staged","go","staging/go/behaviors/package-model-candidates.feature","Mutable OPC package parts and registries","11","11","staged-unreviewed","false","","","","","unreviewed","pending-functional-review"
"staged","go","staging/go/behaviors/presentation-api-candidates.feature","Native mutable presentation API test predicates","21","21","staged-unreviewed","false","","","","","unreviewed","pending-functional-review"
"staged","go","staging/go/behaviors/presentation-fixtures-candidates.feature","Native mutable presentation fixture readback predicates","11","11","staged-unreviewed","false","","","","","unreviewed","pending-functional-review"
"staged","go","staging/go/behaviors/presentation-fuzz-candidates.feature","Native presentation fuzz seed predicates","3","3","staged-unreviewed","false","","","","","unreviewed","pending-functional-review"
"staged","go","staging/go/behaviors/presentation-measurement-candidates.feature","Native presentation measurement-entrypoint predicates","5","5","staged-unreviewed","false","","","","","unreviewed","pending-functional-review"
"staged","go","staging/go/behaviors/presentation-notes-candidates.feature","Native presentation notes preservation and template predicates","7","7","staged-unreviewed","false","","","","","unreviewed","pending-functional-review"
"staged","go","staging/go/behaviors/presentation-parameters-candidates.feature","Native parameterised presentation predicates","8","8","staged-unreviewed","false","","","","","unreviewed","pending-functional-review"
"staged","go","staging/go/behaviors/spreadsheet-cache-candidates.feature","Native static cache invalidation lifecycle assertions","10","10","staged-unreviewed","false","","","","","unreviewed","pending-functional-review"
"staged","go","staging/go/behaviors/spreadsheet-fuzz-candidates.feature","Native spreadsheet fuzz seed predicates","5","5","staged-unreviewed","false","","","","","unreviewed","pending-functional-review"
"staged","go","staging/go/behaviors/spreadsheet-measurement-candidates.feature","Native spreadsheet measurement-entrypoint predicates","5","5","staged-unreviewed","false","","","","","unreviewed","pending-functional-review"
"staged","go","staging/go/behaviors/spreadsheet-parameters-candidates.feature","Native parameterised spreadsheet predicates","12","12","staged-unreviewed","false","","","","","unreviewed","pending-functional-review"
"staged","go","staging/go/behaviors/spreadsheet-targets-candidates.feature","Native spreadsheet style admission and image target predicates","5","5","staged-unreviewed","false","","","","","unreviewed","pending-functional-review"
"staged","go","staging/go/behaviors/test-custody-candidates.feature","Native test-input identity and reference custody","11","11","staged-unreviewed","false","","","","","unreviewed","pending-functional-review"
"staged","go","staging/go/behaviors/utilities-candidates.feature","Native coordinate colour unit and XML utilities","11","11","staged-unreviewed","false","","","","","unreviewed","pending-functional-review"
"staged","go","staging/go/behaviors/wml-model-candidates.feature","Native WordprocessingML model predicates","24","24","staged-unreviewed","false","","","","","unreviewed","pending-functional-review"
"staged","go","staging/go/behaviors/xml-candidates.feature","Lossless namespace-aware XML inspection and bounded edits","9","9","staged-unreviewed","false","","","","","unreviewed","pending-functional-review"
"staged","go","staging/go/features/external/oracle.feature","Optional spreadsheet calculation checks","1","1","staged-unreviewed","false","","","","","unreviewed","pending-functional-review"
"staged","go","staging/go/features/implemented/document/bounded-edit.feature","Bounded preservation-safe Word text correction","2","6","staged-unreviewed","false","","","","","unreviewed","pending-functional-review"
"staged","go","staging/go/features/implemented/document/comment-mime-preservation.feature","Unrelated edits preserve differing extended-comment content types","1","2","staged-unreviewed","false","","","","","unreviewed","pending-functional-review"
"staged","go","staging/go/features/implemented/document/replace-all.feature","Word replace-all reports independent refusals","3","3","staged-unreviewed","false","","","","","unreviewed","pending-functional-review"
"staged","go","staging/go/features/implemented/document/run-boundary.feature","Word insertion at run boundaries","2","4","staged-unreviewed","false","","","","","unreviewed","pending-functional-review"
"staged","go","staging/go/features/implemented/document/search-boundaries.feature","Word normalised and paragraph-boundary edge cases","2","2","staged-unreviewed","false","","","","","unreviewed","pending-functional-review"
"staged","go","staging/go/features/implemented/document/search-policy.feature","Explicit Word search policy and context ranking","4","4","staged-unreviewed","false","","","","","unreviewed","pending-functional-review"
"staged","go","staging/go/features/implemented/document/search-scope.feature","Word search story and view scope","3","3","staged-unreviewed","false","","","","","unreviewed","pending-functional-review"
"staged","go","staging/go/features/implemented/document/span-batch.feature","Atomic selected Word span batches","3","3","staged-unreviewed","false","","","","","unreviewed","pending-functional-review"
"staged","go","staging/go/features/implemented/document/span-guards.feature","Hidden run content cannot be crossed by Word text edits","2","2","staged-unreviewed","false","","","","","unreviewed","pending-functional-review"
"staged","go","staging/go/features/implemented/document/span-replace.feature","Word span replacement with exact affix alignment","3","5","staged-unreviewed","false","","","","","unreviewed","pending-functional-review"
"staged","go","staging/go/features/implemented/document/spans.feature","Exact Word spans across run fragmentation","3","5","staged-unreviewed","false","","","","","unreviewed","pending-functional-review"
"staged","go","staging/go/features/implemented/document/stories.feature","Read-only Word story projections","2","4","staged-unreviewed","false","","","","","unreviewed","pending-functional-review"
"staged","go","staging/go/features/implemented/document/whitespace.feature","Word whitespace preservation on successful edits","2","2","staged-unreviewed","false","","","","","unreviewed","pending-functional-review"
"staged","go","staging/go/features/implemented/package/attributes.feature","Lossless XML attribute edits","2","2","staged-unreviewed","false","","","","","unreviewed","pending-functional-review"
"staged","go","staging/go/features/implemented/package/baseline.feature","Existing Office fixture intake","1","7","staged-unreviewed","false","","","","","unreviewed","pending-functional-review"
"staged","go","staging/go/features/implemented/package/graph-delete.feature","Explicit graph deletion is atomic with payload edits","2","7","staged-unreviewed","false","","","","","unreviewed","pending-functional-review"
"staged","go","staging/go/features/implemented/package/graph-edit.feature","Planned part addition and relationship retargeting","3","8","staged-unreviewed","false","","","","","unreviewed","pending-functional-review"
"staged","go","staging/go/features/implemented/package/graph-target-form.feature","Retargeting preserves the package-relative or absolute target form","1","2","staged-unreviewed","false","","","","","unreviewed","pending-functional-review"
"staged","go","staging/go/features/implemented/package/graph.feature","Read-only relationship ownership inspection","2","6","staged-unreviewed","false","","","","","unreviewed","pending-functional-review"
"staged","go","staging/go/features/implemented/package/io-safety.feature","Archive intake and failure-safe package delivery","3","7","staged-unreviewed","false","","","","","unreviewed","pending-functional-review"
"staged","go","staging/go/features/implemented/package/limits.feature","Caller-defined package intake budgets","2","5","staged-unreviewed","false","","","","","unreviewed","pending-functional-review"
"staged","go","staging/go/features/implemented/package/office-link-namespaces.feature","Office relationship identity follows expanded names and exact type URIs","2","12","staged-unreviewed","false","","","","","unreviewed","pending-functional-review"
"staged","go","staging/go/features/implemented/package/preservation.feature","Retained-source package editing","3","3","staged-unreviewed","false","","","","","unreviewed","pending-functional-review"
"staged","go","staging/go/features/implemented/package/receipts.feature","Retained-source delivery receipts","2","2","staged-unreviewed","false","","","","","unreviewed","pending-functional-review"
"staged","go","staging/go/features/implemented/package/structure.feature","Local and central ZIP structures agree","2","4","staged-unreviewed","false","","","","","unreviewed","stronger-canonical-profile-planned"
"staged","go","staging/go/features/implemented/package/xml-boundary.feature","Document boundary whitespace must be literal XML whitespace","1","4","staged-unreviewed","false","","","","","unreviewed","pending-functional-review"
"staged","go","staging/go/features/implemented/package/xml-conformance.feature","Namespace names and document boundaries obey XML rules","2","5","staged-unreviewed","false","","","","","unreviewed","pending-functional-review"
"staged","go","staging/go/features/implemented/package/xml-insert.feature","Structured XML insertion preserves namespace meaning","4","4","staged-unreviewed","false","","","","","unreviewed","pending-functional-review"
"staged","go","staging/go/features/implemented/package/xml-normalization.feature","XML line endings and attribute values retain original edit offsets","3","3","staged-unreviewed","false","","","","","unreviewed","pending-functional-review"
"staged","go","staging/go/features/implemented/package/xml-subtree.feature","Structured subtree replacements preserve surrounding source bytes","2","2","staged-unreviewed","false","","","","","unreviewed","pending-functional-review"
"staged","go","staging/go/features/implemented/package/xml.feature","Lossless namespace-aware XML leaf edits","3","7","staged-unreviewed","false","","","","","unreviewed","pending-functional-review"
"staged","go","staging/go/features/implemented/package/zip64.feature","Bounded ZIP64 declarations agree with physical archive ranges","2","14","staged-unreviewed","false","","","","","unreviewed","pending-functional-review"
"staged","go","staging/go/features/implemented/presentation/bounded-edit.feature","Bounded presentation text correction","2","5","staged-unreviewed","false","","","","","unreviewed","pending-functional-review"
"staged","go","staging/go/features/implemented/presentation/notes-edit.feature","Guarded edits to an existing notes body","5","12","staged-unreviewed","false","","","","","unreviewed","pending-functional-review"
"staged","go","staging/go/features/implemented/presentation/notes-multiline.feature","Multiline notes preserve the first paragraph and run formatting template","3","9","staged-unreviewed","false","","","","","unreviewed","pending-functional-review"
"staged","go","staging/go/features/implemented/presentation/notes-template-choices.feature","Notes templates must have unambiguous formatting choices","1","8","staged-unreviewed","false","","","","","unreviewed","pending-functional-review"
"staged","go","staging/go/features/implemented/spreadsheet/allowed-values.feature","Deterministic list validation inspection","2","19","staged-unreviewed","false","","","","","unreviewed","pending-functional-review"
"staged","go","staging/go/features/implemented/spreadsheet/bounded-edit.feature","Bounded formula-free numeric cell correction","2","9","staged-unreviewed","false","","","","","unreviewed","pending-functional-review"
"staged","go","staging/go/features/implemented/spreadsheet/cache-invalidation.feature","Static dependency cache invalidation without calculation","4","9","staged-unreviewed","false","","","","","unreviewed","pending-functional-review"
"staged","go","staging/go/features/implemented/spreadsheet/calc-chain.feature","Remove an obsolete calculation chain with dependent-cache invalidation","4","7","staged-unreviewed","false","","","","","unreviewed","pending-functional-review"
"staged","go","staging/go/features/implemented/spreadsheet/dependency-structure.feature","Dependency analysis validates worksheet structure","1","3","staged-unreviewed","false","","","","","unreviewed","pending-functional-review"
"staged","go","staging/go/features/implemented/spreadsheet/formula-analysis.feature","Static formula dependency analysis","2","12","staged-unreviewed","false","","","","","unreviewed","pending-functional-review"
"staged","go","staging/go/features/implemented/spreadsheet/formula-remap.feature","Structural reference remapping uses parsed formula tokens","2","5","staged-unreviewed","false","","","","","unreviewed","pending-functional-review"
"staged","go","staging/go/features/implemented/spreadsheet/formula-tokens.feature","Formula punctuation is distinct from quoted string content","2","2","staged-unreviewed","false","","","","","unreviewed","pending-functional-review"
"staged","go","staging/go/features/implemented/spreadsheet/image-replace.feature","Replace one loaded worksheet picture without rewriting drawing XML","2","7","staged-unreviewed","false","","","","","unreviewed","pending-functional-review"
"staged","go","staging/go/features/implemented/spreadsheet/style-index.feature","Numeric edits require resolvable cell styles","2","7","staged-unreviewed","false","","","","","unreviewed","pending-functional-review"
"staged","go","staging/go/features/implemented/spreadsheet/validation-axis-ranges.feature","Whole-axis validation sources use stored worksheet extents","2","9","staged-unreviewed","false","","","","","unreviewed","pending-functional-review"
"staged","go","staging/go/features/implemented/spreadsheet/validation-lexical-limits.feature","Validation vocabularies reject unknown types and non-decimal scalars","2","10","staged-unreviewed","false","","","","","unreviewed","pending-functional-review"
"staged","go","staging/go/features/implemented/spreadsheet/validation-strings.feature","Validation string sources preserve original shared-string identities","2","8","staged-unreviewed","false","","","","","unreviewed","pending-functional-review"
"staged","go","staging/go/features/planned/document.feature","Guarded Word review and editing","4","4","staged-unreviewed","false","","","","","unreviewed","pending-functional-review"
"staged","go","staging/go/features/planned/oracle-contract.feature","Calculation adapter failure contracts","1","1","staged-unreviewed","false","","","","","unreviewed","pending-functional-review"
"staged","go","staging/go/features/planned/package.feature","Preservation-safe Office package edits","4","6","staged-unreviewed","false","","","","","unreviewed","pending-functional-review"
"staged","go","staging/go/features/planned/presentation.feature","Relationship-safe presentation edits","4","4","staged-unreviewed","false","","","","","unreviewed","pending-functional-review"
"staged","go","staging/go/features/planned/spreadsheet.feature","Reference-aware spreadsheet edits","5","5","staged-unreviewed","false","","","","","unreviewed","pending-functional-review"
"staged","python","staging/python/features/test_acceptance_ledger.feature","acceptance ledger native behavior capture","8","8","staged-unreviewed","false","","","","","unreviewed","pending-functional-review"
"staged","python","staging/python/features/test_advanced_edge_cases.feature","advanced edge cases native behavior capture","12","12","staged-unreviewed","false","","","","","unreviewed","pending-functional-review"
"staged","python","staging/python/features/test_aioumcp_validation.feature","aioumcp validation native behavior capture","12","12","staged-unreviewed","false","","","","","unreviewed","pending-functional-review"
"staged","python","staging/python/features/test_azure_pricing_tools.feature","azure pricing tools native behavior capture","3","3","staged-unreviewed","false","","","","","unreviewed","pending-functional-review"
"staged","python","staging/python/features/test_bugfix_round2.feature","bugfix round2 native behavior capture","31","31","staged-unreviewed","false","","","","","unreviewed","pending-functional-review"
"staged","python","staging/python/features/test_comment_tools_e2e.feature","Python direct and unified comment operation observations across formats","6","6","staged-unreviewed","false","","","","","unreviewed","pending-functional-review"
"staged","python","staging/python/features/test_comprehensive_paths.feature","comprehensive paths native behavior capture","20","20","staged-unreviewed","false","","","","","unreviewed","pending-functional-review"
"staged","python","staging/python/features/test_coverage_boost.feature","coverage boost native behavior capture","21","21","staged-unreviewed","false","","","","","unreviewed","pending-functional-review"
"staged","python","staging/python/features/test_edge_cases.feature","edge cases native behavior capture","14","14","staged-unreviewed","false","","","","","unreviewed","pending-functional-review"
"staged","python","staging/python/features/test_eighty_percent.feature","eighty percent native behavior capture","17","17","staged-unreviewed","false","","","","","unreviewed","pending-functional-review"
"staged","python","staging/python/features/test_error_paths.feature","error paths native behavior capture","20","20","staged-unreviewed","false","","","","","unreviewed","pending-functional-review"
"staged","python","staging/python/features/test_excel_advanced_tools.feature","excel advanced tools native behavior capture","89","89","staged-unreviewed","false","","","","","unreviewed","pending-functional-review"
"staged","python","staging/python/features/test_excel_charts.feature","excel charts native behavior capture","1","1","staged-unreviewed","false","","","","","unreviewed","pending-functional-review"
"staged","python","staging/python/features/test_excel_tools.feature","excel tools native behavior capture","14","14","staged-unreviewed","false","","","","","unreviewed","pending-functional-review"
"staged","python","staging/python/features/test_extended_ops.feature","extended ops native behavior capture","22","22","staged-unreviewed","false","","","","","unreviewed","pending-functional-review"
"staged","python","staging/python/features/test_final_coverage.feature","final coverage native behavior capture","19","19","staged-unreviewed","false","","","","","unreviewed","pending-functional-review"
"staged","python","staging/python/features/test_final_push.feature","final push native behavior capture","22","22","staged-unreviewed","false","","","","","unreviewed","pending-functional-review"
"staged","python","staging/python/features/test_fixture_asset_resolution.feature","fixture asset resolution native behavior capture","6","6","staged-unreviewed","false","","","","","unreviewed","pending-functional-review"
"staged","python","staging/python/features/test_fixture_files_not_encrypted.feature","fixture files not encrypted native behavior capture","2","2","staged-unreviewed","false","","","","","unreviewed","pending-functional-review"
"staged","python","staging/python/features/test_fixture_source_integrity.feature","fixture source integrity native behavior capture","7","7","staged-unreviewed","false","","","","","unreviewed","pending-functional-review"
"staged","python","staging/python/features/test_high_volume.feature","high volume native behavior capture","27","27","staged-unreviewed","false","","","","","unreviewed","stronger-canonical-profile-planned"
"staged","python","staging/python/features/test_image_insertion.feature","image insertion native behavior capture","34","34","staged-unreviewed","false","","","","","unreviewed","pending-functional-review"
"staged","python","staging/python/features/test_libreoffice_oracle.feature","libreoffice oracle native behavior capture","2","2","staged-unreviewed","false","","","","","unreviewed","pending-functional-review"
"staged","python","staging/python/features/test_metadata_cache.feature","metadata cache native behavior capture","8","8","staged-unreviewed","false","","","","","unreviewed","pending-functional-review"
"staged","python","staging/python/features/test_more_coverage.feature","more coverage native behavior capture","21","21","staged-unreviewed","false","","","","","unreviewed","pending-functional-review"
"staged","python","staging/python/features/test_mutation_contract_policy.feature","mutation contract policy native behavior capture","3","3","staged-unreviewed","false","","","","","unreviewed","pending-functional-review"
"staged","python","staging/python/features/test_mutation_diagnostics.feature","Native Python mutation diagnostic response observations","5","5","staged-unreviewed","false","","","","","unreviewed","pending-functional-review"
"staged","python","staging/python/features/test_mutation_faults.feature","mutation faults native behavior capture","6","6","staged-unreviewed","false","","","","","unreviewed","pending-functional-review"
"staged","python","staging/python/features/test_mutation_modes.feature","Native Python mutation mode responses and bounded saved-file observations","6","6","staged-unreviewed","false","","","","","unreviewed","pending-functional-review"
"staged","python","staging/python/features/test_office_help.feature","office help native behavior capture","7","7","staged-unreviewed","false","","","","","unreviewed","pending-functional-review"
"staged","python","staging/python/features/test_office_http.feature","office http native behavior capture","9","9","staged-unreviewed","false","","","","","unreviewed","pending-functional-review"
"staged","python","staging/python/features/test_office_unified_tools.feature","office unified tools native behavior capture","74","74","staged-unreviewed","false","","","","","unreviewed","pending-functional-review"
"staged","python","staging/python/features/test_package_guard.feature","package guard native behavior capture","4","4","staged-unreviewed","false","","","","","unreviewed","pending-functional-review"
"staged","python","staging/python/features/test_package_preservation.feature","package preservation native behavior capture","5","5","staged-unreviewed","false","","","","","unreviewed","pending-functional-review"
"staged","python","staging/python/features/test_patch_transactions.feature","Native Python patch transactions and saved-document observations","7","7","staged-unreviewed","false","","","","","unreviewed","pending-functional-review"
"staged","python","staging/python/features/test_path_variations.feature","path variations native behavior capture","20","20","staged-unreviewed","false","","","","","unreviewed","pending-functional-review"
"staged","python","staging/python/features/test_pptx_advanced_tools_extended.feature","pptx advanced tools extended native behavior capture","23","23","staged-unreviewed","false","","","","","unreviewed","pending-functional-review"
"staged","python","staging/python/features/test_pptx_advanced_tools.feature","pptx advanced tools native behavior capture","40","40","staged-unreviewed","false","","","","","unreviewed","pending-functional-review"
"staged","python","staging/python/features/test_pptx_coverage.feature","pptx coverage native behavior capture","27","27","staged-unreviewed","false","","","","","unreviewed","pending-functional-review"
"staged","python","staging/python/features/test_pptx_slide_transfer_tools.feature","Native Python slide transfer responses and saved-deck observations","5","5","staged-unreviewed","false","","","","","unreviewed","pending-functional-review"
"staged","python","staging/python/features/test_pptx_tools.feature","pptx tools native behavior capture","24","24","staged-unreviewed","false","","","","","unreviewed","pending-functional-review"
"staged","python","staging/python/features/test_preserving_text_and_clone.feature","Native Python saved text, revision and slide-clone observations","5","5","staged-unreviewed","false","","","","","unreviewed","pending-functional-review"
"staged","python","staging/python/features/test_shared_contract_inventory.feature","shared contract inventory native behavior capture","8","8","staged-unreviewed","false","","","","","unreviewed","pending-functional-review"
"staged","python","staging/python/features/test_stdio_mutation_workflows.feature","stdio mutation workflows native behavior capture","2","2","staged-unreviewed","false","","","","","unreviewed","pending-functional-review"
"staged","python","staging/python/features/test_strategic_coverage.feature","strategic coverage native behavior capture","23","23","staged-unreviewed","false","","","","","unreviewed","pending-functional-review"
"staged","python","staging/python/features/test_targeted_coverage.feature","targeted coverage native behavior capture","17","17","staged-unreviewed","false","","","","","unreviewed","pending-functional-review"
"staged","python","staging/python/features/test_tools_extended.feature","tools extended native behavior capture","7","7","staged-unreviewed","false","","","","","unreviewed","pending-functional-review"
"staged","python","staging/python/features/test_track_change_reading.feature","track change reading native behavior capture","13","13","staged-unreviewed","false","","","","","unreviewed","pending-functional-review"
"staged","python","staging/python/features/test_track_changes_manual.feature","track changes manual native behavior capture","4","4","staged-unreviewed","false","","","","","unreviewed","pending-functional-review"
"staged","python","staging/python/features/test_track_changes.feature","track changes native behavior capture","16","16","staged-unreviewed","false","","","","","unreviewed","pending-functional-review"
"staged","python","staging/python/features/test_transport_dependency.feature","transport dependency native behavior capture","4","4","staged-unreviewed","false","","","","","unreviewed","pending-functional-review"
"staged","python","staging/python/features/test_umcp_office_features.feature","umcp office features native behavior capture","7","7","staged-unreviewed","false","","","","","unreviewed","pending-functional-review"
"staged","python","staging/python/features/test_web_tools.feature","web tools native behavior capture","12","12","staged-unreviewed","false","","","","","unreviewed","pending-functional-review"
"staged","python","staging/python/features/test_word_advanced_tools_extended.feature","word advanced tools extended native behavior capture","16","16","staged-unreviewed","false","","","","","unreviewed","pending-functional-review"
"staged","python","staging/python/features/test_word_advanced_tools.feature","word advanced tools native behavior capture","36","36","staged-unreviewed","false","","","","","unreviewed","pending-functional-review"
"staged","python","staging/python/features/test_word_anchor_discovery.feature","word anchor discovery native behavior capture","5","5","staged-unreviewed","false","","","","","unreviewed","pending-functional-review"
"staged","python","staging/python/features/test_word_comment_replies.feature","Python comment replies and their observed identifiers","7","7","staged-unreviewed","false","","","","","unreviewed","pending-functional-review"
"staged","python","staging/python/features/test_word_comment_resolution.feature","Python comment resolution, metadata and threaded readback","10","10","staged-unreviewed","false","","","","","unreviewed","pending-functional-review"
"staged","python","staging/python/features/test_word_comment_roundtrip_fixture.feature","Python direct and unified comment roundtrip observations","3","3","staged-unreviewed","false","","","","","unreviewed","pending-functional-review"
"staged","python","staging/python/features/test_word_coverage.feature","word coverage native behavior capture","16","16","staged-unreviewed","false","","","","","unreviewed","pending-functional-review"
"staged","python","staging/python/features/test_word_deep_coverage.feature","word deep coverage native behavior capture","24","24","staged-unreviewed","false","","","","","unreviewed","stronger-canonical-profile-planned"
"staged","python","staging/python/features/test_word_pptx_advanced_ops.feature","word pptx advanced ops native behavior capture","17","17","staged-unreviewed","false","","","","","unreviewed","stronger-canonical-profile-planned"
"staged","python","staging/python/features/test_word_tools.feature","word tools native behavior capture","17","17","staged-unreviewed","false","","","","","unreviewed","pending-functional-review"
"staged","python","staging/python/features/test_workflow_coverage.feature","workflow coverage native behavior capture","18","18","staged-unreviewed","false","","","","","unreviewed","stronger-canonical-profile-planned"
"staged","python","staging/python/features/test_workflows.feature","workflows native behavior capture","16","16","staged-unreviewed","false","","","","","unreviewed","exact-predicate-alias-retired"
"staged","python","staging/python/features/test_writer_enrolment.feature","writer enrolment native behavior capture","4","4","staged-unreviewed","false","","","","","unreviewed","pending-functional-review"
"staged","python","staging/python/features/test_xlsx_dependency_preservation.feature","Native Python XLSX value-edit dependencies and calculation metadata","5","5","staged-unreviewed","false","","","","","unreviewed","pending-functional-review"
